{"cameraMode":{"drawMode":0,"name":"Shaded","section":"Shading Mode"},"sceneLighting":true,"audioPlay":false,"sceneViewState":{"showFog":true,"showMaterialUpdate":false,"showSkybox":true,"showFlares":true,"showImageEffects":true,"showParticleSystems":true},"in2DMode":false,"pivot":{"x":209.14468383789063,"y":420.31402587890627,"z":2.17987060546875},"rotation":{"x":0.16610349714756013,"y":0.07829786837100983,"z":-0.013263918459415436,"w":0.9829323291778565},"size":112.56336975097656,"orthographic":false}